Id,Symbol,Name
0,PIH,"1347 Property Insurance Holdings, Inc."
1,FLWS,"1-800 FLOWERS.COM, Inc."
2,VNET,"21Vianet Group, Inc."
3,TWOU,"2U, Inc."
4,JOBS,"51job, Inc."
5,ABIL,Ability Inc.
6,ACIU,AC Immune SA
7,ACIA,"Acacia Communications, Inc."
8,ACAD,ACADIA Pharmaceuticals Inc.
9,XLRN,Acceleron Pharma Inc.
10,ARAY,Accuray Incorporated
11,ACRX,"AcelRx Pharmaceuticals, Inc."
12,ACHN,"Achillion Pharmaceuticals, Inc."
13,ACRS,"Aclaris Therapeutics, Inc."
14,ACMR,"ACM Research, Inc."
15,ACOR,"Acorda Therapeutics, Inc."
16,ADMS,"Adamas Pharmaceuticals, Inc."
17,ADAP,Adaptimmune Therapeutics plc
18,ADUS,Addus HomeCare Corporation
19,IOTS,Adesto Technologies Corporation
20,ADBE,Adobe Inc.
21,ADOM,"ADOMANI, Inc."
22,ADTN,"ADTRAN, Inc."
23,ADRO,"Aduro Biotech, Inc."
24,AEIS,"Advanced Energy Industries, Inc."
25,ADVM,"Adverum Biotechnologies, Inc."
26,AGLE,"Aeglea BioTherapeutics, Inc."
27,AEHR,Aehr Test Systems
28,AERI,"Aerie Pharmaceuticals, Inc."
29,AVAV,"AeroVironment, Inc."
30,AFMD,Affimed N.V.
31,AGEN,Agenus Inc.
32,AGRX,"Agile Therapeutics, Inc."
33,AGIO,"Agios Pharmaceuticals, Inc."
34,AGNC,AGNC Investment Corp.
35,AGFS,"AgroFresh Solutions, Inc."
36,AGFSW,"AgroFresh Solutions, Inc."
37,ALRN,"Aileron Therapeutics, Inc."
38,AIMT,"Aimmune Therapeutics, Inc."
39,AIRG,"Airgain, Inc."
40,AMCN,AirMedia Group Inc.
41,AKAM,"Akamai Technologies, Inc."
42,AKCA,"Akcea Therapeutics, Inc."
43,AKBA,"Akebia Therapeutics, Inc."
44,AKER,Akers Biosciences Inc.
45,ALRM,"Alarm.com Holdings, Inc."
46,ALSK,"Alaska Communications Systems Group, Inc."
47,ALDR,"Alder BioPharmaceuticals, Inc."
48,ALDX,"Aldeyra Therapeutics, Inc."
49,ALXN,"Alexion Pharmaceuticals, Inc."
50,ALGN,"Align Technology, Inc."
51,ALIM,"Alimera Sciences, Inc."
52,ALKS,Alkermes plc
53,ABTX,"Allegiance Bancshares, Inc."
54,ALGT,Allegiant Travel Company
55,ALNA,"Allena Pharmaceuticals, Inc."
56,ARLP,"Alliance Resource Partners, L.P."
57,AHPI,"Allied Healthcare Products, Inc."
58,ALLT,Allot Ltd.
59,ALNY,"Alnylam Pharmaceuticals, Inc."
60,AOSL,Alpha and Omega Semiconductor Limited
61,GOOG,Alphabet Inc.
62,ATEC,"Alphatec Holdings, Inc."
63,ALPN,"Alpine Immune Sciences, Inc."
64,AMR,"Alta Mesa Resources, Inc."
65,AMRWW,"Alta Mesa Resources, Inc."
66,ALTR,Altair Engineering Inc.
67,AIMC,Altra Industrial Motion Corp.
68,ALTM,Altus Midstream Company
69,AMZN,"Amazon.com, Inc."
70,AMBA,"Ambarella, Inc."
71,APEI,"American Public Education, Inc."
72,AMSC,American Superconductor Corporation
73,AMWD,American Woodmark Corporation
74,ABCB,Ameris Bancorp
75,AMSF,"AMERISAFE, Inc."
76,AMGN,Amgen Inc.
77,FOLD,"Amicus Therapeutics, Inc."
78,AMKR,"Amkor Technology, Inc."
79,AMPH,"Amphastar Pharmaceuticals, Inc."
80,AMRS,"Amyris, Inc."
81,ANAB,"AnaptysBio, Inc."
82,ANGO,"AngioDynamics, Inc."
83,ANSS,"ANSYS, Inc."
84,APLS,"Apellis Pharmaceuticals, Inc."
85,AINV,Apollo Investment Corporation
86,APPF,"AppFolio, Inc."
87,APPN,Appian Corporation
88,AAPL,Apple Inc.
89,AGTC,Applied Genetic Technologies Corporation
90,AMAT,"Applied Materials, Inc."
91,AAOI,"Applied Optoelectronics, Inc."
92,AREX,Approach Resources Inc.
93,AQMS,"Aqua Metals, Inc."
94,AQXP,"Aquinox Pharmaceuticals, Inc."
95,PETX,"Aratana Therapeutics, Inc."
96,ARAV,"Aravive, Inc."
97,RKDA,"Arcadia Biosciences, Inc."
98,FUV,"Arcimoto, Inc."
99,ARCT,Arcturus Therapeutics Ltd.
100,ARDX,"Ardelyx, Inc."
101,ARNA,"Arena Pharmaceuticals, Inc."
102,ARCC,Ares Capital Corporation
103,ARGX,argenx SE
104,ARTX,Arotech Corporation
105,ARQL,"ArQule, Inc."
106,ARRY,Array BioPharma Inc.
107,ASND,Ascendis Pharma A/S
108,ASML,ASML Holding N.V.
109,AZPN,"Aspen Technology, Inc."
110,ASFI,"Asta Funding, Inc."
111,ASTE,"Astec Industries, Inc."
112,ALOT,"AstroNova, Inc."
113,ASV,"ASV Holdings, Inc."
114,ATAI,ATA Inc.
115,ATRA,"Atara Biotherapeutics, Inc."
116,ATNX,"Athenex, Inc."
117,AY,Atlantica Yield plc
118,ATLC,Atlanticus Holdings Corporation
119,AFH,"Atlas Financial Holdings, Inc."
120,TEAM,Atlassian Corporation Plc
121,ATOM,Atomera Incorporated
122,ATOS,Atossa Genetics Inc.
123,ATRC,"AtriCure, Inc."
124,LIFE,"aTyr Pharma, Inc."
125,BOLD,"Audentes Therapeutics, Inc."
126,AUDC,AudioCodes Ltd.
127,EARS,Auris Medical Holding Ltd.
128,ATXI,"Avenue Therapeutics, Inc."
129,AVEO,"AVEO Pharmaceuticals, Inc."
130,AVID,"Avid Technology, Inc."
131,AVGR,"Avinger, Inc."
132,AWRE,"Aware, Inc."
133,ACLS,"Axcelis Technologies, Inc."
134,AXSM,"Axsome Therapeutics, Inc."
135,AXTI,AXT Inc
136,AZRX,"AzurRx BioPharma, Inc."
137,BIDU,"Baidu, Inc."
138,BANF,BancFirst Corporation
139,BAND,Bandwidth Inc.
140,BWFG,"Bankwell Financial Group, Inc."
141,BZUN,Baozun Inc.
142,BBSI,"Barrett Business Services, Inc."
143,BCBP,"BCB Bancorp, Inc. (NJ)"
144,BECN,"Beacon Roofing Supply, Inc."
145,BBGI,"Beasley Broadcast Group, Inc."
146,BBBY,Bed Bath & Beyond Inc.
147,BGNE,"BeiGene, Ltd."
148,BLPH,"Bellerophon Therapeutics, Inc."
149,BLCM,"Bellicum Pharmaceuticals, Inc."
150,BNFT,"Benefitfocus, Inc."
151,BNTC,Benitec Biopharma Limited
152,BNTCW,Benitec Biopharma Limited
153,BYSI,"BeyondSpring, Inc."
154,BGFV,Big 5 Sporting Goods Corporation
155,BRPA,Big Rock Partners Acquisition Corp.
156,BRPAR,Big Rock Partners Acquisition Corp.
157,BRPAU,Big Rock Partners Acquisition Corp.
158,BRPAW,Big Rock Partners Acquisition Corp.
159,BASI,"Bioanalytical Systems, Inc."
160,BIOC,"Biocept, Inc."
161,BCRX,"BioCryst Pharmaceuticals, Inc."
162,BMRN,BioMarin Pharmaceutical Inc.
163,BVXV,BiondVax Pharmaceuticals Ltd.
164,BVXVW,BiondVax Pharmaceuticals Ltd.
165,BEAT,"BioTelemetry, Inc."
166,BCAC,Bison Capital Acquisition Corp.
167,BCACR,Bison Capital Acquisition Corp.
168,BCACU,Bison Capital Acquisition Corp.
169,BCACW,Bison Capital Acquisition Corp.
170,BRAC,Black Ridge Acquisition Corp.
171,BRACR,Black Ridge Acquisition Corp.
172,BRACU,Black Ridge Acquisition Corp.
173,BRACW,Black Ridge Acquisition Corp.
174,BLKB,"Blackbaud, Inc."
175,BL,"BlackLine, Inc."
176,BKCC,BlackRock Capital Investment Corporation
177,TCPC,BlackRock TCP Capital Corp.
178,BLMN,"Bloomin&#39; Brands, Inc."
179,BLBD,Blue Bird Corporation
180,BLUE,"bluebird bio, Inc."
181,BKEP,"Blueknight Energy Partners L.P., L.L.C."
182,BPMC,Blueprint Medicines Corporation
183,BMCH,"BMC Stock Holdings, Inc."
184,WIFI,"Boingo Wireless, Inc."
185,BRQS,"Borqs Technologies, Inc. "
186,EPAY,"Bottomline Technologies, Inc."
187,BOXL,Boxlight Corporation
188,BCOV,Brightcove Inc.
189,AVGO,Broadcom Inc.
190,BVSN,"BroadVision, Inc."
191,BRKS,"Brooks Automation, Inc."
192,BSQR,BSQUARE Corporation
193,BLDR,"Builders FirstSource, Inc."
194,CHRW,"C.H. Robinson Worldwide, Inc."
195,CCMP,Cabot Microelectronics Corporation
196,CZR,Caesars Entertainment Corporation
197,CSTE,Caesarstone Ltd.
198,CHY,Calamos Convertible and High Income Fund
199,CHI,Calamos Convertible Opportunities and Income Fund
200,CHW,Calamos Global Dynamic Income Fund
201,CGO,Calamos Global Total Return Fund
202,CSQ,Calamos Strategic Total Return Fund
203,CAMP,CalAmp Corp.
204,CALA,"Calithera Biosciences, Inc."
205,CALM,"Cal-Maine Foods, Inc."
206,CLMT,"Calumet Specialty Products Partners, L.P."
207,CLXT,"Calyxt, Inc."
208,CAMT,Camtek Ltd.
209,CSIQ,Canadian Solar Inc.
210,CPLP,Capital Product Partners L.P.
211,CPTA,Capitala Finance Corp.
212,CSTR,"CapStar Financial Holdings, Inc."
213,CPST,Capstone Turbine Corporation
214,CARA,"Cara Therapeutics, Inc."
215,CARB,"Carbonite, Inc."
216,CSII,"Cardiovascular Systems, Inc."
217,CATM,Cardtronics plc
218,CDNA,"CareDx, Inc."
219,CECO,Career Education Corporation
220,CARG,"CarGurus, Inc."
221,CRZO,"Carrizo Oil & Gas, Inc."
222,TAST,"Carrols Restaurant Group, Inc."
223,CASA,"Casa Systems, Inc."
224,CWST,"Casella Waste Systems, Inc."
225,CASY,"Caseys General Stores, Inc."
226,CATB,"Catabasis Pharmaceuticals, Inc."
227,CPRX,"Catalyst Pharmaceuticals, Inc."
228,CBOE,"Cboe Global Markets, Inc."
229,CBTX,"CBTX, Inc."
230,CDW,CDW Corporation
231,CELC,Celcuity Inc.
232,CELG,Celgene Corporation
233,APOP,Cellect Biotechnology Ltd.
234,APOPW,Cellect Biotechnology Ltd.
235,CLLS,Cellectis S.A.
236,CYAD,Celyad SA
237,CDEV,"Centennial Resource Development, Inc."
238,CETV,Central European Media Enterprises Ltd.
239,CENT,Central Garden & Pet Company
240,CENX,Century Aluminum Company
241,CNBKA,"Century Bancorp, Inc."
242,CERC,Cerecor Inc.
243,CERN,Cerner Corporation
244,CERS,Cerus Corporation
245,CYOU,Changyou.com Limited
246,CTHR,Charles & Colvard Ltd.
247,GTLS,"Chart Industries, Inc."
248,CHKP,Check Point Software Technologies Ltd.
249,CHEK,Check-Cap Ltd.
250,CHEKW,Check-Cap Ltd.
251,CCXI,"ChemoCentryx, Inc."
252,CHMA,"Chiasma, Inc."
253,CSSE,"Chicken Soup for the Soul Entertainment, Inc."
254,PLCE,"Children&#39;s Place, Inc. (The)"
255,CMRX,"Chimerix, Inc."
256,GLG,"China Bat Group, Inc."
257,CCRC,"China Customer Relations Centers, Inc."
258,JRJC,China Finance Online Co. Limited
259,CIFS,China Internet Nationwide Financial Services Inc.
260,CLDC,China Lending Corporation
261,CNTF,China TechFaith Wireless Communication Technology Limited
262,CCIH,ChinaCache International Holdings Ltd.
263,CHUY,"Chuy&#39;s Holdings, Inc."
264,CDTX,"Cidara Therapeutics, Inc."
265,CTAS,Cintas Corporation
266,CRUS,"Cirrus Logic, Inc."
267,CSCO,"Cisco Systems, Inc."
268,CTRN,"Citi Trends, Inc."
269,CTXS,"Citrix Systems, Inc."
270,CLNE,Clean Energy Fuels Corp.
271,CLSD,"Clearside Biomedical, Inc."
272,CLIR,ClearSign Combustion Corporation
273,CBLI,"Cleveland BioLabs, Inc."
274,CLVS,"Clovis Oncology, Inc."
275,CMFN,CM Finance Inc
276,CME,CME Group Inc.
277,COKE,"Coca-Cola Consolidated, Inc."
278,CDXS,"Codexis, Inc."
279,CODX,"Co-Diagnostics, Inc."
280,JVA,"Coffee Holding Co., Inc."
281,CGNX,Cognex Corporation
282,CTSH,Cognizant Technology Solutions Corporation
283,CHRS,"Coherus BioSciences, Inc."
284,CLCT,"Collectors Universe, Inc."
285,COLL,"Collegium Pharmaceutical, Inc."
286,COLB,"Columbia Banking System, Inc."
287,COLM,Columbia Sportswear Company
288,CMCO,Columbus McKinnon Corporation
289,CVGI,"Commercial Vehicle Group, Inc."
290,COMM,"CommScope Holding Company, Inc."
291,CFBI,"Community First Bancshares, Inc."
292,CVLT,"Commvault Systems, Inc."
293,CGEN,Compugen Ltd.
294,CPSI,"Computer Programs and Systems, Inc."
295,CHCI,"Comstock Holding Companies, Inc."
296,CNAT,Conatus Pharmaceuticals Inc.
297,CNCE,"Concert Pharmaceuticals, Inc."
298,BBCP,"Concrete Pumping Holdings, Inc. "
299,CFMS,"ConforMIS, Inc."
300,CNFR,"Conifer Holdings, Inc."
301,CNMD,CONMED Corporation
302,CONN,"Conn&#39;s, Inc."
303,CNSL,"Consolidated Communications Holdings, Inc."
304,CNAC,Constellation Alpha Capital Corp.
305,CNACR,Constellation Alpha Capital Corp.
306,CNACU,Constellation Alpha Capital Corp.
307,CNACW,Constellation Alpha Capital Corp.
308,CPSS,"Consumer Portfolio Services, Inc."
309,CFRX,ContraFect Corporation
310,CTRL,Control4 Corporation
311,CPRT,"Copart, Inc."
312,CORT,Corcept Therapeutics Incorporated
313,CSOD,"Cornerstone OnDemand, Inc."
314,CRVS,"Corvus Pharmaceuticals, Inc."
315,CSGP,"CoStar Group, Inc."
316,ICBK,"County Bancorp, Inc."
317,COUP,Coupa Software Incorporated
318,CVTI,"Covenant Transportation Group, Inc."
319,PMTS,CPI Card Group Inc.
320,CRAI,"CRA International,Inc."
321,CBRL,"Cracker Barrel Old Country Store, Inc."
322,CACC,Credit Acceptance Corporation
323,CREE,"Cree, Inc."
324,CRESY,Cresud S.A.C.I.F. y A.
325,CRSP,CRISPR Therapeutics AG
326,CRTO,Criteo S.A.
327,CROX,"Crocs, Inc."
328,CCRN,"Cross Country Healthcare, Inc."
329,CSGS,"CSG Systems International, Inc."
330,CCLP,CSI Compressco LP
331,CSPI,CSP Inc.
332,CTIC,CTI BioPharma Corp.
333,CTIB,CTI Industries Corporation
334,CTRP,"Ctrip.com International, Ltd."
335,CPIX,Cumberland Pharmaceuticals Inc.
336,CUTR,"Cutera, Inc."
337,CYBR,CyberArk Software Ltd.
338,CYBE,CyberOptics Corporation
339,CY,Cypress Semiconductor Corporation
340,CONE,CyrusOne Inc
341,CYTK,"Cytokinetics, Incorporated"
342,CTMX,"CytomX Therapeutics, Inc."
343,CYTR,CytRx Corporation
344,DAKT,"Daktronics, Inc."
345,DARE,"Dare Bioscience, Inc."
346,DSKE,"Daseke, Inc."
347,DSKEW,"Daseke, Inc."
348,DAIO,Data I/O Corporation
349,PLAY,"Dave & Buster&#39;s Entertainment, Inc."
350,DTEA,DAVIDsTEA Inc.
351,DBVT,DBV Technologies S.A.
352,DCPH,"Deciphera Pharmaceuticals, Inc."
353,DFRG,"Del Frisco&#39;s Restaurant Group, Inc."
354,TACO,"Del Taco Restaurants, Inc."
355,TACOW,"Del Taco Restaurants, Inc."
356,DNLI,Denali Therapeutics Inc.
357,XRAY,DENTSPLY SIRONA Inc.
358,DERM,"Dermira, Inc."
359,DSWL,"Deswell Industries, Inc."
360,DXCM,"DexCom, Inc."
361,FANG,"Diamondback Energy, Inc."
362,DRNA,"Dicerna Pharmaceuticals, Inc."
363,DGII,Digi International Inc.
364,DRAD,Digirad Corporation
365,DISH,DISH Network Corporation
366,DOGZ,Dogness (International) Corporation
367,DLTR,"Dollar Tree, Inc."
368,DGICB,"Donegal Group, Inc."
369,DOVA,"Dova Pharmaceuticals, Inc."
370,LYL,Dragon Victory International Limited
371,DRYS,DryShips Inc.
372,DSPG,"DSP Group, Inc."
373,DLTH,Duluth Holdings Inc.
374,DNKN,"Dunkin&#39; Brands Group, Inc."
375,DRRX,DURECT Corporation
376,DVAX,Dynavax Technologies Corporation
377,EFBI,"Eagle Financial Bancorp, Inc."
378,EGRX,"Eagle Pharmaceuticals, Inc."
379,EBAY,eBay Inc.
380,ECHO,"Echo Global Logistics, Inc."
381,EEI,"Ecology and Environment, Inc."
382,EDAP,EDAP TMS S.A.
383,EDIT,"Editas Medicine, Inc."
384,EGAN,eGain Corporation
385,EHTH,"eHealth, Inc."
386,EIGR,"Eiger BioPharmaceuticals, Inc."
387,LOCO,"El Pollo Loco Holdings, Inc."
388,EFII,"Electronics for Imaging, Inc."
389,ELTK,Eltek Ltd.
390,EMCI,EMC Insurance Group Inc.
391,EMKR,EMCORE Corporation
392,EMMS,Emmis Communications Corporation
393,ENTA,"Enanta Pharmaceuticals, Inc."
394,WIRE,Encore Wire Corporation
395,NDRA,ENDRA Life Sciences Inc.
396,NDRAW,ENDRA Life Sciences Inc.
397,EIGI,"Endurance International Group Holdings, Inc."
398,WATT,Energous Corporation
399,ERII,"Energy Recovery, Inc."
400,ENLV,Enlivex Therapeutics Ltd.
401,ENPH,"Enphase Energy, Inc."
402,ENFC,Entegra Financial Corp.
403,ENTG,"Entegris, Inc."
404,EPZM,"Epizyme, Inc."
405,PLUS,ePlus inc.
406,EQIX,"Equinix, Inc."
407,EQBK,"Equity Bancshares, Inc."
408,ERYP,Erytech Pharma S.A.
409,ESPR,"Esperion Therapeutics, Inc."
410,ESQ,"Esquire Financial Holdings, Inc."
411,ETSY,"Etsy, Inc."
412,CLWT,Euro Tech Holdings Company Limited
413,EEFT,"Euronet Worldwide, Inc."
414,EVBG,"Everbridge, Inc."
415,MRAM,"Everspin Technologies, Inc."
416,EVFM,"Evofem Biosciences, Inc."
417,EVOK,"Evoke Pharma, Inc."
418,EVOL,"Evolving Systems, Inc."
419,EXAS,Exact Sciences Corporation
420,XELA,"Exela Technologies, Inc."
421,EXEL,"Exelixis, Inc."
422,EXLS,"ExlService Holdings, Inc."
423,XOG,"Extraction Oil & Gas, Inc."
424,EXTR,"Extreme Networks, Inc."
425,EZPW,"EZCORP, Inc."
426,FFIV,"F5 Networks, Inc."
427,FB,"Facebook, Inc."
428,FLMN,Falcon Minerals Corporation
429,FLMNW,Falcon Minerals Corporation
430,FARO,"FARO Technologies, Inc."
431,FAST,Fastenal Company
432,FAT,FAT Brands Inc.
433,FATE,"Fate Therapeutics, Inc."
434,FFBW,"FFBW, Inc."
435,FGEN,"FibroGen, Inc"
436,FDUS,Fidus Investment Corporation
437,FISI,"Financial Institutions, Inc."
438,FNSR,Finisar Corporation
439,FEYE,"FireEye, Inc."
440,FBNC,First Bancorp
441,FRBA,First Bank
442,FHB,"First Hawaiian, Inc."
443,FIBK,"First Interstate BancSystem, Inc."
444,FNWB,First Northwest Bancorp
445,FSLR,"First Solar, Inc."
446,FCFS,"FirstCash, Inc."
447,FISV,"Fiserv, Inc."
448,FIVE,"Five Below, Inc."
449,FPRX,"Five Prime Therapeutics, Inc."
450,FIVN,"Five9, Inc."
451,FLEX,Flex Ltd.
452,FLKS,"Flex Pharma, Inc."
453,FLXN,"Flexion Therapeutics, Inc."
454,FLIR,"FLIR Systems, Inc."
455,FLDM,Fluidigm Corporation
456,FOMX,Foamix Pharmaceuticals Ltd.
457,FONR,Fonar Corporation
458,FSCT,"ForeScout Technologies, Inc."
459,FORM,"FormFactor, Inc."
460,FORR,"Forrester Research, Inc."
461,FRTA,"Forterra, Inc."
462,FTNT,"Fortinet, Inc."
463,FWP,Forward Pharma A/S
464,FOSL,"Fossil Group, Inc."
465,FOXF,Fox Factory Holding Corp.
466,FRAN,Francesca&#39;s Holdings Corporation
467,FRED,"Fred&#39;s, Inc."
468,RAIL,"Freightcar America, Inc."
469,FRPT,"Freshpet, Inc."
470,FTEO,"FRONTEO, Inc."
471,FSBW,"FS Bancorp, Inc."
472,FLGT,"Fulgent Genetics, Inc."
473,FORK,Fuling Global Inc.
474,FNKO,"Funko, Inc."
475,FFHL,"Fuwei Films (Holdings) Co., Ltd."
476,GTHX,"G1 Therapeutics, Inc."
477,GAIA,"Gaia, Inc."
478,GLPG,Galapagos NV
479,GLMD,Galmed Pharmaceuticals Ltd.
480,GRMN,Garmin Ltd.
481,GARS,Garrison Capital Inc.
482,GDS,GDS Holdings Limited
483,GEMP,Gemphire Therapeutics Inc.
484,GNMK,"GenMark Diagnostics, Inc."
485,GNCA,"Genocea Biosciences, Inc."
486,GHDX,"Genomic Health, Inc."
487,GERN,Geron Corporation
488,GEVO,"Gevo, Inc."
489,ROCK,"Gibraltar Industries, Inc."
490,GIII,"G-III Apparel Group, LTD."
491,GILD,"Gilead Sciences, Inc."
492,GLAD,Gladstone Capital Corporation
493,GOOD,Gladstone Commercial Corporation
494,GAIN,Gladstone Investment Corporation
495,LAND,Gladstone Land Corporation
496,GBT,"Global Blood Therapeutics, Inc."
497,ENT,Global Eagle Entertainment Inc.
498,GWRS,"Global Water Resources, Inc."
499,GLUU,Glu Mobile Inc.
500,GLYC,"GlycoMimetics, Inc."
501,GOGO,Gogo Inc.
502,GMLP,Golar LNG Partners LP
503,GBDC,"Golub Capital BDC, Inc."
504,GPRO,"GoPro, Inc."
505,LOPE,"Grand Canyon Education, Inc."
506,GRVY,"GRAVITY Co., Ltd."
507,GSBC,"Great Southern Bancorp, Inc."
508,GPP,Green Plains Partners LP
509,GLRE,"Greenlight Reinsurance, Ltd."
510,GSUM,Gridsum Holding Inc.
511,GRPN,"Groupon, Inc."
512,OMAB,Grupo Aeroportuario del Centro Norte S.A.B. de C.V.
513,GSIT,"GSI Technology, Inc."
514,GSVC,GSV Capital Corp
515,GTXI,"GTx, Inc."
516,GTYH,"GTY Technology Holdings, Inc."
517,GTYHW,"GTY Technology Holdings, Inc."
518,GNTY,"Guaranty Bancshares, Inc."
519,GIFI,"Gulf Island Fabrication, Inc."
520,GWPH,GW Pharmaceuticals Plc
521,GWGH,"GWG Holdings, Inc"
522,HEES,"H&E Equipment Services, Inc."
523,HLG,Hailiang Education Group Inc.
524,HLNE,Hamilton Lane Incorporated
525,HONE,"HarborOne Bancorp, Inc."
526,HLIT,Harmonic Inc.
527,HBIO,"Harvard Bioscience, Inc."
528,HAYN,"Haynes International, Inc."
529,HDS,"HD Supply Holdings, Inc."
530,HIIQ,"Health Insurance Innovations, Inc."
531,HCSG,"Healthcare Services Group, Inc."
532,HQY,"HealthEquity, Inc."
533,HSTM,"HealthStream, Inc."
534,HTLD,"Heartland Express, Inc."
535,HTBX,"Heat Biologics, Inc."
536,HEBT,"Hebron Technology Co., Ltd."
537,HSII,"Heidrick & Struggles International, Inc."
538,HSIC,"Henry Schein, Inc."
539,HCCI,"Heritage-Crystal Clean, Inc."
540,HSKA,Heska Corporation
541,HX,Hexindai Inc.
542,HFFG,HF Foods Group Inc.
543,HIBB,"Hibbett Sports, Inc."
544,HIMX,"Himax Technologies, Inc."
545,HSGX,Histogenics Corporation
546,HMSY,HMS Holdings Corp
547,HOLX,"Hologic, Inc."
548,HOMB,"Home BancShares, Inc."
549,HMST,"HomeStreet, Inc."
550,HTBI,"HomeTrust Bancshares, Inc."
551,HOOK,HOOKIPA Pharma Inc.
552,HRZN,Horizon Technology Finance Corporation
553,HZNP,Horizon Therapeutics Public Limited Company
554,TWNK,"Hostess Brands, Inc."
555,TWNKW,"Hostess Brands, Inc."
556,HMHC,Houghton Mifflin Harcourt Company
557,HWCC,Houston Wire & Cable Company
558,HTGM,"HTG Molecular Diagnostics, Inc."
559,HTHT,Huazhu Group Limited
560,HUBG,"Hub Group, Inc."
561,HURN,Huron Consulting Group Inc.
562,HCM,Hutchison China MediTech Limited
563,HVBC,"HV Bancorp, Inc."
564,IDSY,"I.D. Systems, Inc."
565,ICCH,"ICC Holdings, Inc."
566,ICFI,"ICF International, Inc."
567,ICHR,Ichor Holdings
568,ICLK,iClick Interactive Asia Group Limited
569,ICLR,ICON plc
570,ICUI,"ICU Medical, Inc."
571,IPWR,Ideal Power Inc.
572,IDXX,"IDEXX Laboratories, Inc."
573,IROQ,"IF Bancorp, Inc."
574,INFO,IHS Markit Ltd.
575,IIVI,II-VI Incorporated
576,ILMN,"Illumina, Inc."
577,ISNS,"Image Sensing Systems, Inc."
578,IMMR,Immersion Corporation
579,ICCC,ImmuCell Corporation
580,IMUX,"Immunic, Inc. "
581,IMGN,"ImmunoGen, Inc."
582,IMRN,Immuron Limited
583,IMRNW,Immuron Limited
584,PI,"Impinj, Inc."
585,IBTX,"Independent Bank Group, Inc"
586,INFN,Infinera Corporation
587,IFRX,InflaRx N.V.
588,IEA,"Infrastructure and Energy Alternatives, Inc."
589,IEAWW,"Infrastructure and Energy Alternatives, Inc."
590,IMKTA,"Ingles Markets, Incorporated"
591,INWK,"InnerWorkings, Inc."
592,INOD,Innodata Inc.
593,IPHS,"Innophos Holdings, Inc."
594,ISSC,"Innovative Solutions and Support, Inc."
595,INGN,"Inogen, Inc"
596,INOV,"Inovalon Holdings, Inc."
597,INPX,Inpixon 
598,NSIT,"Insight Enterprises, Inc."
599,ISIG,"Insignia Systems, Inc."
600,INSE,"Inspired Entertainment, Inc."
601,PODD,Insulet Corporation
602,INSY,"Insys Therapeutics, Inc."
603,NTEC,Intec Pharma Ltd.
604,NTLA,"Intellia Therapeutics, Inc."
605,ICPT,"Intercept Pharmaceuticals, Inc."
606,IMI,"Intermolecular, Inc."
607,INAP,Internap Corporation
608,IMXI,"International Money Express, Inc."
609,ISCA,International Speedway Corporation
610,IGLD,Internet Gold Golden Lines Ltd.
611,XENT,"Intersect ENT, Inc."
612,IVAC,"Intevac, Inc."
613,INTU,Intuit Inc.
614,ISRG,"Intuitive Surgical, Inc."
615,ISTR,Investar Holding Corporation
616,IPGP,IPG Photonics Corporation
617,IRMD,iRadimed Corporation
618,IRTC,"iRhythm Technologies, Inc."
619,IRIX,IRIDEX Corporation
620,IRBT,iRobot Corporation
621,IRWD,"Ironwood Pharmaceuticals, Inc."
622,ISRL,"Isramco, Inc."
623,ITRI,"Itron, Inc."
624,ITRN,Ituran Location and Control Ltd.
625,ISEE,"IVERIC bio, Inc."
626,JJSF,J & J Snack Foods Corp.
627,JCOM,"j2 Global, Inc."
628,JKHY,"Jack Henry & Associates, Inc."
629,JAGX,"Jaguar Health, Inc."
630,JAKK,"JAKKS Pacific, Inc."
631,JRVR,"James River Group Holdings, Ltd."
632,JASN,"Jason Industries, Inc."
633,JASNW,"Jason Industries, Inc."
634,JAZZ,Jazz Pharmaceuticals plc
635,JD,"JD.com, Inc."
636,JSYN,Jensyn Acquistion Corp.
637,JSYNR,Jensyn Acquistion Corp.
638,JSYNU,Jensyn Acquistion Corp.
639,JSYNW,Jensyn Acquistion Corp.
640,JBLU,JetBlue Airways Corporation
641,JMU,JMU Limited
642,JBSS,"John B. Sanfilippo & Son, Inc."
643,JNCE,"Jounce Therapeutics, Inc."
644,KXIN,Kaixin Auto Holdings
645,KXINW,Kaixin Auto Holdings
646,KALA,"Kala Pharmaceuticals, Inc."
647,KALV,"KalVista Pharmaceuticals, Inc."
648,KMDA,Kamada Ltd.
649,KPTI,Karyopharm Therapeutics Inc.
650,KBLM,KBL Merger Corp. IV
651,KBLMR,KBL Merger Corp. IV
652,KBLMU,KBL Merger Corp. IV
653,KBLMW,KBL Merger Corp. IV
654,KBSF,KBS Fashion Group Limited
655,KMPH,"KemPharm, Inc."
656,KTCC,Key Tronic Corporation
657,KFRC,"Kforce, Inc."
658,KIN,"Kindred Biosciences, Inc."
659,KNSL,"Kinsale Capital Group, Inc."
660,KIRK,"Kirkland&#39;s, Inc."
661,KTOV,Kitov Pharma Ltd.
662,KTOVW,Kitov Pharma Ltd.
663,KLAC,KLA-Tencor Corporation
664,KOPN,Kopin Corporation
665,KRNT,Kornit Digital Ltd.
666,KRYS,"Krystal Biotech, Inc."
667,KVHI,"KVH Industries, Inc."
668,LJPC,La Jolla Pharmaceutical Company
669,LAKE,"Lakeland Industries, Inc."
670,LRCX,Lam Research Corporation
671,LAMR,Lamar Advertising Company
672,LNDC,Landec Corporation
673,LMRK,Landmark Infrastructure Partners LP
674,LSTR,"Landstar System, Inc."
675,LNTH,"Lantheus Holdings, Inc."
676,LTRX,"Lantronix, Inc."
677,LAUR,"Laureate Education, Inc."
678,LGCY,Legacy Reserves Inc.
679,LACQ,Leisure Acquisition Corp.
680,LACQU,Leisure Acquisition Corp.
681,LACQW,Leisure Acquisition Corp.
682,LMAT,"LeMaitre Vascular, Inc."
683,LX,LexinFintech Holdings Ltd.
684,LGIH,"LGI Homes, Inc."
685,LHCG,LHC Group
686,LCUT,"Lifetime Brands, Inc."
687,LPTH,"LightPath Technologies, Inc."
688,LLNW,"Limelight Networks, Inc."
689,LINC,Lincoln Educational Services Corporation
690,LIND,Lindblad Expeditions Holdings Inc. 
691,LINDW,Lindblad Expeditions Holdings Inc. 
692,LQDT,"Liquidity Services, Inc."
693,LOB,"Live Oak Bancshares, Inc."
694,LPSN,"LivePerson, Inc."
695,LMFA,"LM Funding America, Inc."
696,LMFAW,"LM Funding America, Inc."
697,LOGI,Logitech International S.A.
698,LOGM,"LogMein, Inc."
699,LPLA,LPL Financial Holdings Inc.
700,LYTS,LSI Industries Inc.
701,LULU,lululemon athletica inc.
702,LMNX,Luminex Corporation
703,LUNA,Luna Innovations Incorporated
704,LBC,Luther Burbank Corporation
705,MTSI,"MACOM Technology Solutions Holdings, Inc."
706,MGNX,"MacroGenics, Inc."
707,MAGS,Magal Security Systems Ltd.
708,MGIC,Magic Software Enterprises Ltd.
709,MMYT,MakeMyTrip Limited
710,MBUU,"Malibu Boats, Inc."
711,TUSK,"Mammoth Energy Services, Inc."
712,MANH,"Manhattan Associates, Inc."
713,MNKD,MannKind Corporation
714,MANT,ManTech International Corporation
715,MCHX,"Marchex, Inc."
716,MRNS,"Marinus Pharmaceuticals, Inc."
717,MKTX,"MarketAxess Holdings, Inc."
718,MRLN,Marlin Business Services Corp.
719,MBII,"Marrone Bio Innovations, Inc."
720,MRTN,"Marten Transport, Ltd."
721,MMLP,Martin Midstream Partners L.P.
722,MRVL,Marvell Technology Group Ltd.
723,MASI,Masimo Corporation
724,MCFT,"MasterCraft Boat Holdings, Inc."
725,MTCH,"Match Group, Inc."
726,MTLS,Materialise NV
727,MTRX,Matrix Service Company
728,MATW,Matthews International Corporation
729,MXIM,"Maxim Integrated Products, Inc."
730,MGRC,McGrath RentCorp
731,MDSO,"Medidata Solutions, Inc."
732,MDWD,MediWound Ltd.
733,MEDP,"Medpace Holdings, Inc."
734,MLNT,"Melinta Therapeutics, Inc."
735,MLNX,"Mellanox Technologies, Ltd."
736,MELR,"Melrose Bancorp, Inc."
737,MTSL,MER Telemanagement Solutions Ltd.
738,MELI,"MercadoLibre, Inc."
739,MBWM,Mercantile Bank Corporation
740,MBIN,Merchants Bancorp
741,MRCY,Mercury Systems Inc
742,VIVO,Meridian Bioscience Inc.
743,MRBK,Meridian Corporation
744,MACK,"Merrimack Pharmaceuticals, Inc."
745,MRSN,"Mersana Therapeutics, Inc."
746,MRUS,Merus N.V.
747,MESO,Mesoblast Limited
748,CASH,"Meta Financial Group, Inc."
749,MCHP,Microchip Technology Incorporated
750,MSFT,Microsoft Corporation
751,MSTR,MicroStrategy Incorporated
752,MVIS,"Microvision, Inc."
753,MCEP,"Mid-Con Energy Partners, LP"
754,MSBI,"Midland States Bancorp, Inc."
755,MIME,Mimecast Limited
756,NERV,"Minerva Neurosciences, Inc"
757,MGEN,"Miragen Therapeutics, Inc."
758,MSON,"MISONIX, Inc."
759,MIND,"Mitcham Industries, Inc."
760,MKSI,"MKS Instruments, Inc."
761,MINI,"Mobile Mini, Inc."
762,MOBL,"MobileIron, Inc."
763,MMDM,Modern Media Acquisition Corp.
764,MMDMR,Modern Media Acquisition Corp.
765,MMDMU,Modern Media Acquisition Corp.
766,MMDMW,Modern Media Acquisition Corp.
767,MBRX,"Moleculin Biotech, Inc."
768,MNTA,"Momenta Pharmaceuticals, Inc."
769,MOMO,Momo Inc.
770,MCRI,"Monarch Casino & Resort, Inc."
771,MDB,"MongoDB, Inc."
772,MPWR,"Monolithic Power Systems, Inc."
773,TYPE,Monotype Imaging Holdings Inc.
774,MNRO,"Monro, Inc. "
775,MRCC,Monroe Capital Corporation
776,MORN,"Morningstar, Inc."
777,MOSY,"MoSys, Inc."
778,MTFB,Motif Bio plc
779,MTFBW,Motif Bio plc
780,MTBC,"MTBC, Inc."
781,LABL,Multi-Color Corporation
782,MYOK,"MyoKardia, Inc."
783,MYGN,"Myriad Genetics, Inc."
784,NBRV,Nabriva Therapeutics plc
785,NANO,Nanometrics Incorporated
786,NSTG,"NanoString Technologies, Inc."
787,NH,"NantHealth, Inc."
788,NK,"NantKwest, Inc."
789,NTRA,"Natera, Inc."
790,NATH,"Nathan&#39;s Famous, Inc."
791,NCMI,"National CineMedia, Inc."
792,NESR,National Energy Services Reunited Corp.
793,NESRW,National Energy Services Reunited Corp.
794,NATI,National Instruments Corporation
795,EYE,"National Vision Holdings, Inc."
796,BABY,Natus Medical Incorporated
797,NCSM,"NCS Multistage Holdings, Inc."
798,NEOG,Neogen Corporation
799,NEOS,"Neos Therapeutics, Inc."
800,UEPS,"Net 1 UEPS Technologies, Inc."
801,NTAP,"NetApp, Inc."
802,NFLX,"Netflix, Inc."
803,NTGR,"NETGEAR, Inc."
804,NTCT,"NetScout Systems, Inc."
805,NBIX,"Neurocrine Biosciences, Inc."
806,NURO,"NeuroMetrix, Inc."
807,NEWA,"Newater Technology, Inc."
808,NLNK,NewLink Genetics Corporation
809,NMRK,"Newmark Group, Inc."
810,NXST,"Nexstar Media Group, Inc."
811,NEXT,NextDecade Corporation
812,NODK,"NI Holdings, Inc."
813,EGOV,NIC Inc.
814,NITE,Nightstar Therapeutics plc
815,NMIH,NMI Holdings Inc
816,NNBR,"NN, Inc."
817,NDLS,Noodles & Company
818,NWBI,"Northwest Bancshares, Inc."
819,NWPX,Northwest Pipe Company
820,NVMI,Nova Measuring Instruments Ltd.
821,NOVN,"Novan, Inc."
822,NVCR,NovoCure Limited
823,NVUS,"Novus Therapeutics, Inc."
824,NCNA,NuCana plc
825,NTNX,"Nutanix, Inc."
826,NUVA,"NuVasive, Inc."
827,NVEE,"NV5 Global, Inc."
828,NVDA,NVIDIA Corporation
829,NXPI,NXP Semiconductors N.V.
830,OASM,Oasmia Pharmaceutical AB
831,OBLN,"Obalon Therapeutics, Inc."
832,OBSV,ObsEva SA
833,OPTT,"Ocean Power Technologies, Inc."
834,OFED,Oconee Federal Financial Corp.
835,OCUL,"Ocular Therapeutix, Inc."
836,ODT,"Odonate Therapeutics, Inc."
837,OKTA,"Okta, Inc."
838,ODFL,"Old Dominion Freight Line, Inc."
839,OLLI,"Ollie&#39;s Bargain Outlet Holdings, Inc."
840,ZEUS,"Olympic Steel, Inc."
841,OMER,Omeros Corporation
842,OMCL,"Omnicell, Inc."
843,ONTX,"Onconova Therapeutics, Inc."
844,OTEX,Open Text Corporation
845,OPGN,"OpGen, Inc."
846,OPGNW,"OpGen, Inc."
847,OBAS,Optibase Ltd.
848,OPTN,"OptiNose, Inc."
849,OPB,Opus Bank
850,ORBC,ORBCOMM Inc.
851,ORLY,"O&#39;Reilly Automotive, Inc."
852,ORGO,Organogenesis Holdings Inc. 
853,OESX,"Orion Energy Systems, Inc."
854,OFIX,Orthofix Medical Inc. 
855,KIDS,OrthoPediatrics Corp.
856,OSIS,"OSI Systems, Inc."
857,OSN,"Ossen Innovation Co., Ltd."
858,OTIC,"Otonomy, Inc."
859,OTLK,"Outlook Therapeutics, Inc."
860,OTLKW,"Outlook Therapeutics, Inc."
861,OSTK,"Overstock.com, Inc."
862,OVID,Ovid Therapeutics Inc.
863,OXBR,Oxbridge Re Holdings Limited
864,OXBRW,Oxbridge Re Holdings Limited
865,OXFD,Oxford Immunotec Global PLC
866,OXLC,Oxford Lane Capital Corp.
867,PTSI,"P.A.M. Transportation Services, Inc."
868,PACB,"Pacific Biosciences of California, Inc."
869,PMBC,Pacific Mercantile Bancorp
870,PCRX,"Pacira BioSciences, Inc."
871,PANL,Pangaea Logistics Solutions Ltd.
872,PZZA,"Papa John&#39;s International, Inc."
873,FRSH,"Papa Murphy&#39;s Holdings, Inc."
874,PEGI,Pattern Energy Group Inc.
875,PDCO,"Patterson Companies, Inc."
876,PTEN,"Patterson-UTI Energy, Inc."
877,PAVM,PAVmed Inc.
878,PAVMW,PAVmed Inc.
879,PAYX,"Paychex, Inc."
880,PCTY,Paylocity Holding Corporation
881,PCSB,PCSB Financial Corporation
882,PCTI,"PC-Tel, Inc."
883,PDFS,"PDF Solutions, Inc."
884,PDLI,"PDL BioPharma, Inc."
885,PDLB,PDL Community Bancorp
886,PDSB,PDS Biotechnology Corporation
887,PDVW,"pdvWireless, Inc."
888,SKIS,"Peak Resorts, Inc."
889,PEGA,Pegasystems Inc.
890,PENN,"Penn National Gaming, Inc."
891,PNNT,PennantPark Investment Corporation
892,WRLS,Pensare Acquisition Corp.
893,WRLSR,Pensare Acquisition Corp.
894,WRLSU,Pensare Acquisition Corp.
895,WRLSW,Pensare Acquisition Corp.
896,PUB,People&#39;s Utah Bancorp
897,PRCP,"Perceptron, Inc."
898,PRFT,"Perficient, Inc."
899,PFMT,Performant Financial Corporation
900,PETQ,"PetIQ, Inc."
901,PFSW,"PFSweb, Inc."
902,PGTI,"PGT Innovations, Inc."
903,PAHC,Phibro Animal Health Corporation
904,PLAB,"Photronics, Inc."
905,PHUN,"Phunware, Inc."
906,PHUNW,"Phunware, Inc."
907,PXLW,"Pixelworks, Inc."
908,PLUG,"Plug Power, Inc."
909,PLXP,PLx Pharma Inc.
910,POLA,"Polar Power, Inc."
911,POOL,Pool Corporation
912,PTLA,"Portola Pharmaceuticals, Inc."
913,PBPB,Potbelly Corporation
914,POWI,"Power Integrations, Inc."
915,PRAA,"PRA Group, Inc."
916,PRAH,"PRA Health Sciences, Inc."
917,PFBI,"Premier Financial Bancorp, Inc."
918,PINC,"Premier, Inc."
919,PSDO,"Presidio, Inc."
920,PRGX,"PRGX Global, Inc."
921,PRMW,Primo Water Corporation
922,PFG,Principal Financial Group Inc
923,PRTH,"Priority Technology Holdings, Inc."
924,IPDN,"Professional Diversity Network, Inc."
925,PGNX,Progenics Pharmaceuticals Inc.
926,PRGS,Progress Software Corporation
927,PFPT,"Proofpoint, Inc."
928,PRQR,ProQR Therapeutics N.V.
929,PSEC,Prospect Capital Corporation
930,PTGX,"Protagonist Therapeutics, Inc."
931,PRTO,"Proteon Therapeutics, Inc."
932,PTI,"Proteostasis Therapeutics, Inc."
933,PVBC,"Provident Bancorp, Inc."
934,PTCT,"PTC Therapeutics, Inc."
935,PULM,"Pulmatrix, Inc."
936,PLSE,"Pulse Biosciences, Inc"
937,PRPL,"Purple Innovation, Inc."
938,QIWI,QIWI plc
939,QCOM,QUALCOMM Incorporated
940,QBAK,Qualstar Corporation
941,QLYS,"Qualys, Inc."
942,QTNA,"Quantenna Communications, Inc."
943,QTRX,Quanterix Corporation
944,QUIK,QuickLogic Corporation
945,QNST,"QuinStreet, Inc."
946,QTNT,Quotient Limited
947,RARX,"Ra Pharmaceuticals, Inc."
948,RDCM,Radcom Ltd.
949,RDUS,"Radius Health, Inc."
950,RDWR,Radware Ltd.
951,METC,"Ramaco Resources, Inc."
952,RMBS,"Rambus, Inc."
953,RNDB,"Randolph Bancorp, Inc."
954,RPD,"Rapid7, Inc."
955,RBB,RBB Bancorp
956,ROLL,RBC Bearings Incorporated
957,RICK,"RCI Hospitality Holdings, Inc."
958,RNWK,"RealNetworks, Inc."
959,RP,"RealPage, Inc."
960,RETA,"Reata Pharmaceuticals, Inc."
961,RCON,"Recon Technology, Ltd."
962,REPH,"Recro Pharma, Inc."
963,RRGB,"Red Robin Gourmet Burgers, Inc."
964,RRR,"Red Rock Resorts, Inc."
965,RDFN,Redfin Corporation
966,RBZ,Reebonz Holding Limited
967,REG,Regency Centers Corporation
968,REGN,"Regeneron Pharmaceuticals, Inc."
969,RGNX,REGENXBIO Inc.
970,RGLS,Regulus Therapeutics Inc.
971,REGI,"Renewable Energy Group, Inc."
972,RCII,Rent-A-Center Inc.
973,RGEN,Repligen Corporation
974,RBCAA,"Republic Bancorp, Inc."
975,RESN,Resonant Inc.
976,RECN,"Resources Connection, Inc."
977,HAIR,"Restoration Robotics, Inc."
978,RETO,"ReTo Eco-Solutions, Inc."
979,RVNC,"Revance Therapeutics, Inc."
980,RWLK,ReWalk Robotics Ltd.
981,RYTM,"Rhythm Pharmaceuticals, Inc."
982,RELL,"Richardson Electronics, Ltd."
983,RIGL,"Rigel Pharmaceuticals, Inc."
984,RNET,"RigNet, Inc."
985,RMNI,"Rimini Street, Inc."
986,REDU,RISE Education Cayman Ltd
987,RTTR,"Ritter Pharmaceuticals, Inc."
988,RCKT,"Rocket Pharmaceuticals, Inc."
989,RMTI,"Rockwell Medical, Inc."
990,RCKY,"Rocky Brands, Inc."
991,ROKU,"Roku, Inc."
992,ROSE,Rosehill Resources Inc.
993,ROSEU,Rosehill Resources Inc.
994,ROSEW,Rosehill Resources Inc.
995,ROST,"Ross Stores, Inc."
996,RTIX,"RTI Surgical Holdings, Inc."
997,RBCN,"Rubicon Technology, Inc."
998,RUTH,"Ruth&#39;s Hospitality Group, Inc."
999,RYAAY,Ryanair Holdings plc
1000,SABR,Sabre Corporation
1001,SAFT,"Safety Insurance Group, Inc."
1002,SAGE,"Sage Therapeutics, Inc."
1003,SALM,"Salem Media Group, Inc."
1004,SAFM,"Sanderson Farms, Inc."
1005,SGMO,"Sangamo Therapeutics, Inc."
1006,SANM,Sanmina Corporation
1007,SPNS,Sapiens International Corporation N.V.
1008,SBAC,SBA Communications Corporation
1009,SCHN,"Schnitzer Steel Industries, Inc."
1010,SCHL,Scholastic Corporation
1011,SCPH,scPharmaceuticals Inc.
1012,WORX,SCWorx Corp.
1013,SCYX,"SCYNEXIS, Inc."
1014,SEAC,"SeaChange International, Inc."
1015,STX,Seagate Technology PLC
1016,SGEN,"Seattle Genetics, Inc."
1017,EYES,"Second Sight Medical Products, Inc."
1018,SECO,Secoo Holding Limited
1019,SCWX,SecureWorks Corp.
1020,SEIC,SEI Investments Company
1021,SELB,"Selecta Biosciences, Inc."
1022,LEDS,SemiLEDS Corporation
1023,SNES,"SenesTech, Inc."
1024,SRTS,"Sensus Healthcare, Inc."
1025,SRTSW,"Sensus Healthcare, Inc."
1026,STNL,Sentinel Energy Services Inc.
1027,STNLU,Sentinel Energy Services Inc.
1028,STNLW,Sentinel Energy Services Inc.
1029,MCRB,"Seres Therapeutics, Inc."
1030,SREV,"ServiceSource International, Inc."
1031,SFBS,"ServisFirst Bancshares, Inc."
1032,SESN,"Sesen Bio, Inc."
1033,SGBX,"SG Blocks, Inc."
1034,SGOC,"SGOCO Group, Ltd"
1035,PIXY,"ShiftPixy, Inc."
1036,SHLO,"Shiloh Industries, Inc."
1037,TYHT,"Shineco, Inc."
1038,SCVL,"Shoe Carnival, Inc."
1039,SSTI,"ShotSpotter, Inc."
1040,SFLY,"Shutterfly, Inc."
1041,SNNA,"Sienna Biopharmaceuticals, Inc."
1042,SIEN,"Sientra, Inc."
1043,SRRA,"Sierra Oncology, Inc."
1044,SGMA,"SigmaTron International, Inc."
1045,SBNY,Signature Bank
1046,SLGN,Silgan Holdings Inc.
1047,SLAB,"Silicon Laboratories, Inc."
1048,SIMO,Silicon Motion Technology Corporation
1049,SAMG,Silvercrest Asset Management Group Inc.
1050,SBGI,"Sinclair Broadcast Group, Inc."
1051,SINT,"SiNtx Technologies, Inc."
1052,SKYS,"Sky Solar Holdings, Ltd."
1053,SKYW,"SkyWest, Inc."
1054,SGH,"SMART Global Holdings, Inc."
1055,SND,"Smart Sand, Inc."
1056,SMSI,"Smith Micro Software, Inc."
1057,SMTX,SMTC Corporation
1058,SLRC,Solar Capital Ltd.
1059,SEDG,"SolarEdge Technologies, Inc."
1060,SLNO,"Soleno Therapeutics, Inc."
1061,SLNOW,"Soleno Therapeutics, Inc."
1062,SPHS,"Sophiris Bio, Inc."
1063,SPKE,"Spark Energy, Inc."
1064,ONCE,"Spark Therapeutics, Inc."
1065,SPRO,"Spero Therapeutics, Inc."
1066,SPLK,Splunk Inc.
1067,SPWH,"Sportsman&#39;s Warehouse Holdings, Inc."
1068,SBPH,"Spring Bank Pharmaceuticals, Inc."
1069,SFM,"Sprouts Farmers Market, Inc."
1070,SPSC,"SPS Commerce, Inc."
1071,SSNC,"SS&C Technologies Holdings, Inc."
1072,STMP,Stamps.com Inc.
1073,SBUX,Starbucks Corporation
1074,STFC,State Auto Financial Corporation
1075,GASS,"StealthGas, Inc."
1076,STLD,"Steel Dynamics, Inc."
1077,SMRT,"Stein Mart, Inc."
1078,STML,"Stemline Therapeutics, Inc."
1079,SRCL,"Stericycle, Inc."
1080,SBT,"Sterling Bancorp, Inc."
1081,SHOO,"Steven Madden, Ltd."
1082,SFIX,"Stitch Fix, Inc."
1083,SSYS,"Stratasys, Ltd."
1084,STRA,"Strategic Education, Inc."
1085,SBBP,Strongbridge Biopharma plc
1086,SSBI,Summit State Bank
1087,SMMT,Summit Therapeutics plc
1088,SNHY,Sun Hydraulics Corporation
1089,SNSS,"Sunesis Pharmaceuticals, Inc."
1090,SPWR,SunPower Corporation
1091,RUN,Sunrun Inc.
1092,SCON,Superconductor Technologies Inc.
1093,SUPN,"Supernus Pharmaceuticals, Inc."
1094,SPRT,"support.com, Inc."
1095,SGRY,"Surgery Partners, Inc."
1096,SRDX,"Surmodics, Inc."
1097,SYKE,"Sykes Enterprises, Incorporated"
1098,SYMC,Symantec Corporation
1099,SYNC,"Synacor, Inc."
1100,SYNA,Synaptics Incorporated
1101,SNDX,"Syndax Pharmaceuticals, Inc."
1102,SYNH,"Syneos Health, Inc."
1103,SYBX,"Synlogic, Inc."
1104,SNPS,"Synopsys, Inc."
1105,SYRS,"Syros Pharmaceuticals, Inc."
1106,TROW,"T. Rowe Price Group, Inc."
1107,TTOO,"T2 Biosystems, Inc."
1108,TRHC,"Tabula Rasa HealthCare, Inc."
1109,TCMD,"Tactile Systems Technology, Inc."
1110,TAIT,Taitron Components Incorporated
1111,TTWO,"Take-Two Interactive Software, Inc."
1112,TLND,Talend S.A.
1113,TNDM,"Tandem Diabetes Care, Inc."
1114,TANH,Tantech Holdings Ltd.
1115,TEDU,"Tarena International, Inc."
1116,CGBD,"TCG BDC, Inc."
1117,AMTD,TD Ameritrade Holding Corporation
1118,PETZ,"TDH Holdings, Inc."
1119,TECD,Tech Data Corporation
1120,TTGT,"TechTarget, Inc."
1121,TGLS,Tecnoglass Inc.
1122,TGEN,Tecogen Inc.
1123,TNAV,"Telenav, Inc."
1124,TERP,"TerraForm Power, Inc."
1125,TBNK,Territorial Bancorp Inc.
1126,TSLA,"Tesla, Inc. "
1127,TESS,TESSCO Technologies Incorporated
1128,TTEK,"Tetra Tech, Inc."
1129,TTPH,"Tetraphase Pharmaceuticals, Inc."
1130,TCBI,"Texas Capital Bancshares, Inc."
1131,TXRH,"Texas Roadhouse, Inc."
1132,CG,The Carlyle Group L.P.
1133,CAKE,The Cheesecake Factory Incorporated
1134,CHEF,"The Chefs&#39; Warehouse, Inc."
1135,ENSG,"The Ensign Group, Inc."
1136,XONE,The ExOne Company
1137,HABT,"The Habit Restaurants, Inc."
1138,JYNT,The Joint Corp.
1139,KEYW,The KEYW Holding Corporation
1140,MSG,The Madison Square Garden Company
1141,MDCO,The Medicines Company
1142,MIK,"The Michaels Companies, Inc."
1143,NAVG,"The Navigators Group, Inc."
1144,PRSC,The Providence Service Corporation
1145,TTD,"The Trade Desk, Inc."
1146,NCTY,The9 Limited
1147,TRPX,Therapix Biosciences Ltd.
1148,TCRD,"THL Credit, Inc."
1149,TITN,Titan Machinery Inc.
1150,TMSR,TMSR Holding Company Limited
1151,TOCA,Tocagen Inc.
1152,TSEM,Tower Semiconductor Ltd.
1153,CLUB,"Town Sports International Holdings, Inc."
1154,TPIC,"TPI Composites, Inc."
1155,TCON,"TRACON Pharmaceuticals, Inc."
1156,TSCO,Tractor Supply Company
1157,TACT,TransAct Technologies Incorporated
1158,TRMT,Tremont Mortgage Trust
1159,TRVN,"Trevena, Inc."
1160,TRS,TriMas Corporation
1161,TRMB,Trimble Inc.
1162,TRIB,Trinity Biotech plc
1163,TSC,"TriState Capital Holdings, Inc."
1164,TBK,"Triumph Bancorp, Inc."
1165,TRVG,trivago N.V.
1166,TRUE,"TrueCar, Inc."
1167,TTEC,"TTEC Holdings, Inc."
1168,TTMI,"TTM Technologies, Inc."
1169,TUES,Tuesday Morning Corp.
1170,TOUR,Tuniu Corporation
1171,PRTS,"U.S. Auto Parts Network, Inc."
1172,USWS,"U.S. Well Services, Inc."
1173,USWSW,"U.S. Well Services, Inc."
1174,UBNT,"Ubiquiti Networks, Inc."
1175,UFPT,"UFP Technologies, Inc."
1176,ULTA,"Ulta Beauty, Inc."
1177,UCTT,"Ultra Clean Holdings, Inc."
1178,RARE,Ultragenyx Pharmaceutical Inc.
1179,ULBI,Ultralife Corporation
1180,QURE,uniQure N.V.
1181,UTHR,United Therapeutics Corporation
1182,UEIC,Universal Electronics Inc.
1183,UFPI,"Universal Forest Products, Inc."
1184,USAP,"Universal Stainless & Alloy Products, Inc."
1185,UPLD,"Upland Software, Inc."
1186,URBN,"Urban Outfitters, Inc."
1187,URGN,UroGen Pharma Ltd.
1188,USAK,"USA Truck, Inc."
1189,UTSI,UTStarcom Holdings Corp
1190,VALU,"Value Line, Inc."
1191,VNDA,Vanda Pharmaceuticals Inc.
1192,VRNS,"Varonis Systems, Inc."
1193,VBLT,Vascular Biogenics Ltd.
1194,VECO,Veeco Instruments Inc.
1195,VRA,"Vera Bradley, Inc."
1196,VCYT,"Veracyte, Inc."
1197,VSTM,"Verastem, Inc."
1198,VRNT,Verint Systems Inc.
1199,VRSN,"VeriSign, Inc."
1200,VRSK,"Verisk Analytics, Inc."
1201,VBTX,"Veritex Holdings, Inc."
1202,VERI,"Veritone, Inc."
1203,VRNA,Verona Pharma plc
1204,VRRM,Verra Mobility Corporation
1205,VRTX,Vertex Pharmaceuticals Incorporated
1206,VSAT,"ViaSat, Inc."
1207,VICL,Vical Incorporated
1208,VKTX,"Viking Therapeutics, Inc."
1209,VNOM,Viper Energy Partners LP
1210,VIRT,"Virtu Financial, Inc."
1211,VRTU,Virtusa Corporation
1212,VISL,"Vislink Technologies, Inc."
1213,VVUS,"VIVUS, Inc."
1214,VYGR,"Voyager Therapeutics, Inc."
1215,VTVT,vTv Therapeutics Inc.
1216,WTRH,Waitr Holdings Inc.
1217,WVE,WAVE Life Sciences Ltd.
1218,WDFC,WD-40 Company
1219,WB,Weibo Corporation
1220,WEBK,"Wellesley Bancorp, Inc."
1221,WERN,"Werner Enterprises, Inc."
1222,WSTL,"Westell Technologies, Inc."
1223,WHLR,"Wheeler Real Estate Investment Trust, Inc."
1224,WLDN,"Willdan Group, Inc."
1225,WLFC,Willis Lease Finance Corporation
1226,WSC,WillScot Corporation
1227,WING,Wingstop Inc.
1228,WINS,Wins Finance Holdings Inc.
1229,WIX,Wix.com Ltd.
1230,WRLD,World Acceptance Corporation
1231,WMGI,Wright Medical Group N.V.
1232,WYNN,"Wynn Resorts, Limited"
1233,XFOR,"X4 Pharmaceuticals, Inc."
1234,XBIT,XBiotech Inc.
1235,XNCR,"Xencor, Inc."
1236,XENE,Xenon Pharmaceuticals Inc.
1237,XLNX,"Xilinx, Inc."
1238,XOMA,XOMA Corporation
1239,XNET,Xunlei Limited
1240,YNDX,Yandex N.V.
1241,YIN,Yintech Investment Holdings Limited
1242,YOGA,"YogaWorks, Inc."
1243,YY,YY Inc.
1244,ZFGN,"Zafgen, Inc."
1245,ZLAB,Zai Lab Limited
1246,ZEAL,Zealand Pharma A/S
1247,ZBRA,Zebra Technologies Corporation
1248,ZG,"Zillow Group, Inc."
1249,ZKIN,"ZK International Group Co., Ltd"
1250,ZGNX,"Zogenix, Inc."
1251,ZSAN,Zosano Pharma Corporation
1252,ZUMZ,Zumiez Inc.
1253,ZYNE,"Zynerba Pharmaceuticals, Inc."
1254,ZNGA,Zynga Inc.
